id,kode_provinsi,nama_provinsi,kode_kabupaten_kota,nama_kabupaten_kota,kode_bulan,nama_bulan,jumlah_ritasi_sampah,satuan,tahun
1,32,JAWA BARAT,3204,KABUPATEN BANDUNG,7,JULI,568,RIT,2016
2,32,JAWA BARAT,3204,KABUPATEN BANDUNG,8,AGUSTUS,1334,RIT,2016
3,32,JAWA BARAT,3204,KABUPATEN BANDUNG,9,SEPTEMBER,1220,RIT,2016
4,32,JAWA BARAT,3204,KABUPATEN BANDUNG,10,OKTOBER,1272,RIT,2016
5,32,JAWA BARAT,3204,KABUPATEN BANDUNG,11,NOVEMBER,1216,RIT,2016
6,32,JAWA BARAT,3204,KABUPATEN BANDUNG,12,DESEMBER,1246,RIT,2016
7,32,JAWA BARAT,3217,KABUPATEN BANDUNG BARAT,1,JANUARI,1022,RIT,2016
8,32,JAWA BARAT,3217,KABUPATEN BANDUNG BARAT,2,FEBRUARI,915,RIT,2016
9,32,JAWA BARAT,3217,KABUPATEN BANDUNG BARAT,3,MARET,985,RIT,2016
10,32,JAWA BARAT,3217,KABUPATEN BANDUNG BARAT,4,APRIL,937,RIT,2016
11,32,JAWA BARAT,3217,KABUPATEN BANDUNG BARAT,5,MEI,936,RIT,2016
12,32,JAWA BARAT,3217,KABUPATEN BANDUNG BARAT,6,JUNI,993,RIT,2016
13,32,JAWA BARAT,3217,KABUPATEN BANDUNG BARAT,7,JULI,914,RIT,2016
14,32,JAWA BARAT,3217,KABUPATEN BANDUNG BARAT,8,AGUSTUS,1011,RIT,2016
15,32,JAWA BARAT,3217,KABUPATEN BANDUNG BARAT,9,SEPTEMBER,919,RIT,2016
16,32,JAWA BARAT,3217,KABUPATEN BANDUNG BARAT,10,OKTOBER,967,RIT,2016
17,32,JAWA BARAT,3217,KABUPATEN BANDUNG BARAT,11,NOVEMBER,977,RIT,2016
18,32,JAWA BARAT,3217,KABUPATEN BANDUNG BARAT,12,DESEMBER,1019,RIT,2016
19,32,JAWA BARAT,3273,KOTA BANDUNG,1,JANUARI,6555,RIT,2016
20,32,JAWA BARAT,3273,KOTA BANDUNG,2,FEBRUARI,6207,RIT,2016
21,32,JAWA BARAT,3273,KOTA BANDUNG,3,MARET,6296,RIT,2016
22,32,JAWA BARAT,3273,KOTA BANDUNG,4,APRIL,5957,RIT,2016
23,32,JAWA BARAT,3273,KOTA BANDUNG,5,MEI,5937,RIT,2016
24,32,JAWA BARAT,3273,KOTA BANDUNG,6,JUNI,6662,RIT,2016
25,32,JAWA BARAT,3273,KOTA BANDUNG,7,JULI,6419,RIT,2016
26,32,JAWA BARAT,3273,KOTA BANDUNG,8,AGUSTUS,6649,RIT,2016
27,32,JAWA BARAT,3273,KOTA BANDUNG,9,SEPTEMBER,6239,RIT,2016
28,32,JAWA BARAT,3273,KOTA BANDUNG,10,OKTOBER,6505,RIT,2016
29,32,JAWA BARAT,3273,KOTA BANDUNG,11,NOVEMBER,6441,RIT,2016
30,32,JAWA BARAT,3273,KOTA BANDUNG,12,DESEMBER,6856,RIT,2016
31,32,JAWA BARAT,3277,KOTA CIMAHI,1,JANUARI,1611,RIT,2016
32,32,JAWA BARAT,3277,KOTA CIMAHI,2,FEBRUARI,1541,RIT,2016
33,32,JAWA BARAT,3277,KOTA CIMAHI,3,MARET,1716,RIT,2016
34,32,JAWA BARAT,3277,KOTA CIMAHI,4,APRIL,1526,RIT,2016
35,32,JAWA BARAT,3277,KOTA CIMAHI,5,MEI,1629,RIT,2016
36,32,JAWA BARAT,3277,KOTA CIMAHI,6,JUNI,1639,RIT,2016
37,32,JAWA BARAT,3277,KOTA CIMAHI,7,JULI,1562,RIT,2016
38,32,JAWA BARAT,3277,KOTA CIMAHI,8,AGUSTUS,1690,RIT,2016
39,32,JAWA BARAT,3277,KOTA CIMAHI,9,SEPTEMBER,1578,RIT,2016
40,32,JAWA BARAT,3277,KOTA CIMAHI,10,OKTOBER,1354,RIT,2016
41,32,JAWA BARAT,3277,KOTA CIMAHI,11,NOVEMBER,1504,RIT,2016
42,32,JAWA BARAT,3277,KOTA CIMAHI,12,DESEMBER,1613,RIT,2016
43,32,JAWA BARAT,3204,KABUPATEN BANDUNG,1,JANUARI,1280,RIT,2017
44,32,JAWA BARAT,3204,KABUPATEN BANDUNG,2,FEBRUARI,1195,RIT,2017
45,32,JAWA BARAT,3204,KABUPATEN BANDUNG,3,MARET,1470,RIT,2017
46,32,JAWA BARAT,3204,KABUPATEN BANDUNG,4,APRIL,1235,RIT,2017
47,32,JAWA BARAT,3204,KABUPATEN BANDUNG,5,MEI,1463,RIT,2017
48,32,JAWA BARAT,3204,KABUPATEN BANDUNG,6,JUNI,1243,RIT,2017
49,32,JAWA BARAT,3204,KABUPATEN BANDUNG,7,JULI,1473,RIT,2017
50,32,JAWA BARAT,3204,KABUPATEN BANDUNG,8,AGUSTUS,1594,RIT,2017
51,32,JAWA BARAT,3204,KABUPATEN BANDUNG,9,SEPTEMBER,1348,RIT,2017
52,32,JAWA BARAT,3204,KABUPATEN BANDUNG,10,OKTOBER,1483,RIT,2017
53,32,JAWA BARAT,3204,KABUPATEN BANDUNG,11,NOVEMBER,1488,RIT,2017
54,32,JAWA BARAT,3204,KABUPATEN BANDUNG,12,DESEMBER,1534,RIT,2017
55,32,JAWA BARAT,3217,KABUPATEN BANDUNG BARAT,1,JANUARI,1123,RIT,2017
56,32,JAWA BARAT,3217,KABUPATEN BANDUNG BARAT,2,FEBRUARI,976,RIT,2017
57,32,JAWA BARAT,3217,KABUPATEN BANDUNG BARAT,3,MARET,1189,RIT,2017
58,32,JAWA BARAT,3217,KABUPATEN BANDUNG BARAT,4,APRIL,1169,RIT,2017
59,32,JAWA BARAT,3217,KABUPATEN BANDUNG BARAT,5,MEI,1136,RIT,2017
60,32,JAWA BARAT,3217,KABUPATEN BANDUNG BARAT,6,JUNI,1031,RIT,2017
61,32,JAWA BARAT,3217,KABUPATEN BANDUNG BARAT,7,JULI,1170,RIT,2017
62,32,JAWA BARAT,3217,KABUPATEN BANDUNG BARAT,8,AGUSTUS,1177,RIT,2017
63,32,JAWA BARAT,3217,KABUPATEN BANDUNG BARAT,9,SEPTEMBER,1087,RIT,2017
64,32,JAWA BARAT,3217,KABUPATEN BANDUNG BARAT,10,OKTOBER,1125,RIT,2017
65,32,JAWA BARAT,3217,KABUPATEN BANDUNG BARAT,11,NOVEMBER,1074,RIT,2017
66,32,JAWA BARAT,3217,KABUPATEN BANDUNG BARAT,12,DESEMBER,1102,RIT,2017
67,32,JAWA BARAT,3273,KOTA BANDUNG,1,JANUARI,6901,RIT,2017
68,32,JAWA BARAT,3273,KOTA BANDUNG,2,FEBRUARI,6065,RIT,2017
69,32,JAWA BARAT,3273,KOTA BANDUNG,3,MARET,6653,RIT,2017
70,32,JAWA BARAT,3273,KOTA BANDUNG,4,APRIL,6264,RIT,2017
71,32,JAWA BARAT,3273,KOTA BANDUNG,5,MEI,6761,RIT,2017
72,32,JAWA BARAT,3273,KOTA BANDUNG,6,JUNI,6598,RIT,2017
73,32,JAWA BARAT,3273,KOTA BANDUNG,7,JULI,7271,RIT,2017
74,32,JAWA BARAT,3273,KOTA BANDUNG,8,AGUSTUS,7355,RIT,2017
75,32,JAWA BARAT,3273,KOTA BANDUNG,9,SEPTEMBER,7161,RIT,2017
76,32,JAWA BARAT,3273,KOTA BANDUNG,10,OKTOBER,7472,RIT,2017
77,32,JAWA BARAT,3273,KOTA BANDUNG,11,NOVEMBER,7201,RIT,2017
78,32,JAWA BARAT,3273,KOTA BANDUNG,12,DESEMBER,7371,RIT,2017
79,32,JAWA BARAT,3277,KOTA CIMAHI,1,JANUARI,1590,RIT,2017
80,32,JAWA BARAT,3277,KOTA CIMAHI,2,FEBRUARI,1455,RIT,2017
81,32,JAWA BARAT,3277,KOTA CIMAHI,3,MARET,1608,RIT,2017
82,32,JAWA BARAT,3277,KOTA CIMAHI,4,APRIL,1572,RIT,2017
83,32,JAWA BARAT,3277,KOTA CIMAHI,5,MEI,1582,RIT,2017
84,32,JAWA BARAT,3277,KOTA CIMAHI,6,JUNI,1533,RIT,2017
85,32,JAWA BARAT,3277,KOTA CIMAHI,7,JULI,1728,RIT,2017
86,32,JAWA BARAT,3277,KOTA CIMAHI,8,AGUSTUS,1595,RIT,2017
87,32,JAWA BARAT,3277,KOTA CIMAHI,9,SEPTEMBER,1585,RIT,2017
88,32,JAWA BARAT,3277,KOTA CIMAHI,10,OKTOBER,1690,RIT,2017
89,32,JAWA BARAT,3277,KOTA CIMAHI,11,NOVEMBER,1511,RIT,2017
90,32,JAWA BARAT,3277,KOTA CIMAHI,12,DESEMBER,1711,RIT,2017
91,32,JAWA BARAT,3204,KABUPATEN BANDUNG,1,JANUARI,1571,RIT,2018
92,32,JAWA BARAT,3204,KABUPATEN BANDUNG,2,FEBRUARI,1521,RIT,2018
93,32,JAWA BARAT,3204,KABUPATEN BANDUNG,3,MARET,1686,RIT,2018
94,32,JAWA BARAT,3204,KABUPATEN BANDUNG,4,APRIL,1563,RIT,2018
95,32,JAWA BARAT,3204,KABUPATEN BANDUNG,5,MEI,1695,RIT,2018
96,32,JAWA BARAT,3204,KABUPATEN BANDUNG,6,JUNI,1421,RIT,2018
97,32,JAWA BARAT,3204,KABUPATEN BANDUNG,7,JULI,1819,RIT,2018
98,32,JAWA BARAT,3204,KABUPATEN BANDUNG,8,AGUSTUS,1551,RIT,2018
99,32,JAWA BARAT,3204,KABUPATEN BANDUNG,9,SEPTEMBER,1446,RIT,2018
100,32,JAWA BARAT,3204,KABUPATEN BANDUNG,10,OKTOBER,1584,RIT,2018
101,32,JAWA BARAT,3204,KABUPATEN BANDUNG,11,NOVEMBER,1469,RIT,2018
102,32,JAWA BARAT,3204,KABUPATEN BANDUNG,12,DESEMBER,1537,RIT,2018
103,32,JAWA BARAT,3217,KABUPATEN BANDUNG BARAT,1,JANUARI,1192,RIT,2018
104,32,JAWA BARAT,3217,KABUPATEN BANDUNG BARAT,2,FEBRUARI,1150,RIT,2018
105,32,JAWA BARAT,3217,KABUPATEN BANDUNG BARAT,3,MARET,1253,RIT,2018
106,32,JAWA BARAT,3217,KABUPATEN BANDUNG BARAT,4,APRIL,1164,RIT,2018
107,32,JAWA BARAT,3217,KABUPATEN BANDUNG BARAT,5,MEI,1220,RIT,2018
108,32,JAWA BARAT,3217,KABUPATEN BANDUNG BARAT,6,JUNI,1068,RIT,2018
109,32,JAWA BARAT,3217,KABUPATEN BANDUNG BARAT,7,JULI,1219,RIT,2018
110,32,JAWA BARAT,3217,KABUPATEN BANDUNG BARAT,8,AGUSTUS,1250,RIT,2018
111,32,JAWA BARAT,3217,KABUPATEN BANDUNG BARAT,9,SEPTEMBER,1131,RIT,2018
112,32,JAWA BARAT,3217,KABUPATEN BANDUNG BARAT,10,OKTOBER,1189,RIT,2018
113,32,JAWA BARAT,3217,KABUPATEN BANDUNG BARAT,11,NOVEMBER,1309,RIT,2018
114,32,JAWA BARAT,3217,KABUPATEN BANDUNG BARAT,12,DESEMBER,1347,RIT,2018
115,32,JAWA BARAT,3273,KOTA BANDUNG,1,JANUARI,7588,RIT,2018
116,32,JAWA BARAT,3273,KOTA BANDUNG,2,FEBRUARI,7086,RIT,2018
117,32,JAWA BARAT,3273,KOTA BANDUNG,3,MARET,7687,RIT,2018
118,32,JAWA BARAT,3273,KOTA BANDUNG,4,APRIL,7571,RIT,2018
119,32,JAWA BARAT,3273,KOTA BANDUNG,5,MEI,7859,RIT,2018
120,32,JAWA BARAT,3273,KOTA BANDUNG,6,JUNI,7402,RIT,2018
121,32,JAWA BARAT,3273,KOTA BANDUNG,7,JULI,8168,RIT,2018
122,32,JAWA BARAT,3273,KOTA BANDUNG,8,AGUSTUS,8118,RIT,2018
123,32,JAWA BARAT,3273,KOTA BANDUNG,9,SEPTEMBER,7915,RIT,2018
124,32,JAWA BARAT,3273,KOTA BANDUNG,10,OKTOBER,8304,RIT,2018
125,32,JAWA BARAT,3273,KOTA BANDUNG,11,NOVEMBER,7942,RIT,2018
126,32,JAWA BARAT,3273,KOTA BANDUNG,12,DESEMBER,8297,RIT,2018
127,32,JAWA BARAT,3277,KOTA CIMAHI,1,JANUARI,1713,RIT,2018
128,32,JAWA BARAT,3277,KOTA CIMAHI,2,FEBRUARI,1541,RIT,2018
129,32,JAWA BARAT,3277,KOTA CIMAHI,3,MARET,1602,RIT,2018
130,32,JAWA BARAT,3277,KOTA CIMAHI,4,APRIL,1560,RIT,2018
131,32,JAWA BARAT,3277,KOTA CIMAHI,5,MEI,1683,RIT,2018
132,32,JAWA BARAT,3277,KOTA CIMAHI,6,JUNI,1477,RIT,2018
133,32,JAWA BARAT,3277,KOTA CIMAHI,7,JULI,1675,RIT,2018
134,32,JAWA BARAT,3277,KOTA CIMAHI,8,AGUSTUS,1654,RIT,2018
135,32,JAWA BARAT,3277,KOTA CIMAHI,9,SEPTEMBER,1640,RIT,2018
136,32,JAWA BARAT,3277,KOTA CIMAHI,10,OKTOBER,1714,RIT,2018
137,32,JAWA BARAT,3277,KOTA CIMAHI,11,NOVEMBER,1637,RIT,2018
138,32,JAWA BARAT,3277,KOTA CIMAHI,12,DESEMBER,1673,RIT,2018
139,32,JAWA BARAT,3204,KABUPATEN BANDUNG,1,JANUARI,1657,RIT,2019
140,32,JAWA BARAT,3204,KABUPATEN BANDUNG,2,FEBRUARI,1587,RIT,2019
141,32,JAWA BARAT,3204,KABUPATEN BANDUNG,3,MARET,1746,RIT,2019
142,32,JAWA BARAT,3204,KABUPATEN BANDUNG,4,APRIL,1636,RIT,2019
143,32,JAWA BARAT,3204,KABUPATEN BANDUNG,5,MEI,2053,RIT,2019
144,32,JAWA BARAT,3204,KABUPATEN BANDUNG,6,JUNI,1575,RIT,2019
145,32,JAWA BARAT,3204,KABUPATEN BANDUNG,7,JULI,1991,RIT,2019
146,32,JAWA BARAT,3204,KABUPATEN BANDUNG,8,AGUSTUS,1915,RIT,2019
147,32,JAWA BARAT,3204,KABUPATEN BANDUNG,9,SEPTEMBER,1853,RIT,2019
148,32,JAWA BARAT,3204,KABUPATEN BANDUNG,10,OKTOBER,1909,RIT,2019
149,32,JAWA BARAT,3204,KABUPATEN BANDUNG,11,NOVEMBER,1875,RIT,2019
150,32,JAWA BARAT,3204,KABUPATEN BANDUNG,12,DESEMBER,1913,RIT,2019
151,32,JAWA BARAT,3217,KABUPATEN BANDUNG BARAT,1,JANUARI,1323,RIT,2019
152,32,JAWA BARAT,3217,KABUPATEN BANDUNG BARAT,2,FEBRUARI,1338,RIT,2019
153,32,JAWA BARAT,3217,KABUPATEN BANDUNG BARAT,3,MARET,1270,RIT,2019
154,32,JAWA BARAT,3217,KABUPATEN BANDUNG BARAT,4,APRIL,1238,RIT,2019
155,32,JAWA BARAT,3217,KABUPATEN BANDUNG BARAT,5,MEI,1296,RIT,2019
156,32,JAWA BARAT,3217,KABUPATEN BANDUNG BARAT,6,JUNI,1160,RIT,2019
157,32,JAWA BARAT,3217,KABUPATEN BANDUNG BARAT,7,JULI,1297,RIT,2019
158,32,JAWA BARAT,3217,KABUPATEN BANDUNG BARAT,8,AGUSTUS,1302,RIT,2019
159,32,JAWA BARAT,3217,KABUPATEN BANDUNG BARAT,9,SEPTEMBER,1209,RIT,2019
160,32,JAWA BARAT,3217,KABUPATEN BANDUNG BARAT,10,OKTOBER,1324,RIT,2019
161,32,JAWA BARAT,3217,KABUPATEN BANDUNG BARAT,11,NOVEMBER,1234,RIT,2019
162,32,JAWA BARAT,3217,KABUPATEN BANDUNG BARAT,12,DESEMBER,1237,RIT,2019
163,32,JAWA BARAT,3273,KOTA BANDUNG,1,JANUARI,8404,RIT,2019
164,32,JAWA BARAT,3273,KOTA BANDUNG,2,FEBRUARI,7425,RIT,2019
165,32,JAWA BARAT,3273,KOTA BANDUNG,3,MARET,8187,RIT,2019
166,32,JAWA BARAT,3273,KOTA BANDUNG,4,APRIL,7672,RIT,2019
167,32,JAWA BARAT,3273,KOTA BANDUNG,5,MEI,8167,RIT,2019
168,32,JAWA BARAT,3273,KOTA BANDUNG,6,JUNI,7708,RIT,2019
169,32,JAWA BARAT,3273,KOTA BANDUNG,7,JULI,8522,RIT,2019
170,32,JAWA BARAT,3273,KOTA BANDUNG,8,AGUSTUS,8249,RIT,2019
171,32,JAWA BARAT,3273,KOTA BANDUNG,9,SEPTEMBER,8168,RIT,2019
172,32,JAWA BARAT,3273,KOTA BANDUNG,10,OKTOBER,8610,RIT,2019
173,32,JAWA BARAT,3273,KOTA BANDUNG,11,NOVEMBER,8242,RIT,2019
174,32,JAWA BARAT,3273,KOTA BANDUNG,12,DESEMBER,8447,RIT,2019
175,32,JAWA BARAT,3277,KOTA CIMAHI,1,JANUARI,1738,RIT,2019
176,32,JAWA BARAT,3277,KOTA CIMAHI,2,FEBRUARI,1441,RIT,2019
177,32,JAWA BARAT,3277,KOTA CIMAHI,3,MARET,1755,RIT,2019
178,32,JAWA BARAT,3277,KOTA CIMAHI,4,APRIL,1669,RIT,2019
179,32,JAWA BARAT,3277,KOTA CIMAHI,5,MEI,1752,RIT,2019
180,32,JAWA BARAT,3277,KOTA CIMAHI,6,JUNI,1582,RIT,2019
181,32,JAWA BARAT,3277,KOTA CIMAHI,7,JULI,1734,RIT,2019
182,32,JAWA BARAT,3277,KOTA CIMAHI,8,AGUSTUS,1723,RIT,2019
183,32,JAWA BARAT,3277,KOTA CIMAHI,9,SEPTEMBER,1699,RIT,2019
184,32,JAWA BARAT,3277,KOTA CIMAHI,10,OKTOBER,1825,RIT,2019
185,32,JAWA BARAT,3277,KOTA CIMAHI,11,NOVEMBER,1718,RIT,2019
186,32,JAWA BARAT,3277,KOTA CIMAHI,12,DESEMBER,1753,RIT,2019
187,32,JAWA BARAT,3204,KABUPATEN BANDUNG,1,JANUARI,1990,RIT,2020
188,32,JAWA BARAT,3204,KABUPATEN BANDUNG,2,FEBRUARI,1796,RIT,2020
189,32,JAWA BARAT,3204,KABUPATEN BANDUNG,3,MARET,1995,RIT,2020
190,32,JAWA BARAT,3204,KABUPATEN BANDUNG,4,APRIL,2082,RIT,2020
191,32,JAWA BARAT,3204,KABUPATEN BANDUNG,5,MEI,1816,RIT,2020
192,32,JAWA BARAT,3204,KABUPATEN BANDUNG,6,JUNI,2004,RIT,2020
193,32,JAWA BARAT,3204,KABUPATEN BANDUNG,7,JULI,2028,RIT,2020
194,32,JAWA BARAT,3204,KABUPATEN BANDUNG,8,AGUSTUS,1986,RIT,2020
195,32,JAWA BARAT,3204,KABUPATEN BANDUNG,9,SEPTEMBER,1867,RIT,2020
196,32,JAWA BARAT,3204,KABUPATEN BANDUNG,10,OKTOBER,1826,RIT,2020
197,32,JAWA BARAT,3204,KABUPATEN BANDUNG,11,NOVEMBER,1698,RIT,2020
198,32,JAWA BARAT,3204,KABUPATEN BANDUNG,12,DESEMBER,2024,RIT,2020
199,32,JAWA BARAT,3217,KABUPATEN BANDUNG BARAT,1,JANUARI,1236,RIT,2020
200,32,JAWA BARAT,3217,KABUPATEN BANDUNG BARAT,2,FEBRUARI,1107,RIT,2020
201,32,JAWA BARAT,3217,KABUPATEN BANDUNG BARAT,3,MARET,1278,RIT,2020
202,32,JAWA BARAT,3217,KABUPATEN BANDUNG BARAT,4,APRIL,1360,RIT,2020
203,32,JAWA BARAT,3217,KABUPATEN BANDUNG BARAT,5,MEI,1185,RIT,2020
204,32,JAWA BARAT,3217,KABUPATEN BANDUNG BARAT,6,JUNI,1421,RIT,2020
205,32,JAWA BARAT,3217,KABUPATEN BANDUNG BARAT,7,JULI,1367,RIT,2020
206,32,JAWA BARAT,3217,KABUPATEN BANDUNG BARAT,8,AGUSTUS,1349,RIT,2020
207,32,JAWA BARAT,3217,KABUPATEN BANDUNG BARAT,9,SEPTEMBER,1350,RIT,2020
208,32,JAWA BARAT,3217,KABUPATEN BANDUNG BARAT,10,OKTOBER,1414,RIT,2020
209,32,JAWA BARAT,3217,KABUPATEN BANDUNG BARAT,11,NOVEMBER,1314,RIT,2020
210,32,JAWA BARAT,3217,KABUPATEN BANDUNG BARAT,12,DESEMBER,1487,RIT,2020
211,32,JAWA BARAT,3273,KOTA BANDUNG,1,JANUARI,8430,RIT,2020
212,32,JAWA BARAT,3273,KOTA BANDUNG,2,FEBRUARI,7633,RIT,2020
213,32,JAWA BARAT,3273,KOTA BANDUNG,3,MARET,8235,RIT,2020
214,32,JAWA BARAT,3273,KOTA BANDUNG,4,APRIL,7775,RIT,2020
215,32,JAWA BARAT,3273,KOTA BANDUNG,5,MEI,7566,RIT,2020
216,32,JAWA BARAT,3273,KOTA BANDUNG,6,JUNI,7876,RIT,2020
217,32,JAWA BARAT,3273,KOTA BANDUNG,7,JULI,8193,RIT,2020
218,32,JAWA BARAT,3273,KOTA BANDUNG,8,AGUSTUS,8146,RIT,2020
219,32,JAWA BARAT,3273,KOTA BANDUNG,9,SEPTEMBER,8117,RIT,2020
220,32,JAWA BARAT,3273,KOTA BANDUNG,10,OKTOBER,8306,RIT,2020
221,32,JAWA BARAT,3273,KOTA BANDUNG,11,NOVEMBER,7986,RIT,2020
222,32,JAWA BARAT,3273,KOTA BANDUNG,12,DESEMBER,8307,RIT,2020
223,32,JAWA BARAT,3277,KOTA CIMAHI,1,JANUARI,1814,RIT,2020
224,32,JAWA BARAT,3277,KOTA CIMAHI,2,FEBRUARI,1674,RIT,2020
225,32,JAWA BARAT,3277,KOTA CIMAHI,3,MARET,1786,RIT,2020
226,32,JAWA BARAT,3277,KOTA CIMAHI,4,APRIL,1731,RIT,2020
227,32,JAWA BARAT,3277,KOTA CIMAHI,5,MEI,1756,RIT,2020
228,32,JAWA BARAT,3277,KOTA CIMAHI,6,JUNI,1787,RIT,2020
229,32,JAWA BARAT,3277,KOTA CIMAHI,7,JULI,1816,RIT,2020
230,32,JAWA BARAT,3277,KOTA CIMAHI,8,AGUSTUS,1772,RIT,2020
231,32,JAWA BARAT,3277,KOTA CIMAHI,9,SEPTEMBER,1714,RIT,2020
232,32,JAWA BARAT,3277,KOTA CIMAHI,10,OKTOBER,1794,RIT,2020
233,32,JAWA BARAT,3277,KOTA CIMAHI,11,NOVEMBER,1809,RIT,2020
234,32,JAWA BARAT,3277,KOTA CIMAHI,12,DESEMBER,1838,RIT,2020
235,32,JAWA BARAT,3204,KABUPATEN BANDUNG,1,JANUARI,1911,RIT,2021
236,32,JAWA BARAT,3204,KABUPATEN BANDUNG,2,FEBRUARI,1803,RIT,2021
237,32,JAWA BARAT,3204,KABUPATEN BANDUNG,3,MARET,2049,RIT,2021
238,32,JAWA BARAT,3204,KABUPATEN BANDUNG,4,APRIL,1979,RIT,2021
239,32,JAWA BARAT,3204,KABUPATEN BANDUNG,5,MEI,1708,RIT,2021
240,32,JAWA BARAT,3204,KABUPATEN BANDUNG,6,JUNI,1954,RIT,2021
241,32,JAWA BARAT,3204,KABUPATEN BANDUNG,7,JULI,2096,RIT,2021
242,32,JAWA BARAT,3204,KABUPATEN BANDUNG,8,AGUSTUS,2007,RIT,2021
243,32,JAWA BARAT,3204,KABUPATEN BANDUNG,9,SEPTEMBER,1975,RIT,2021
244,32,JAWA BARAT,3204,KABUPATEN BANDUNG,10,OKTOBER,1896,RIT,2021
245,32,JAWA BARAT,3204,KABUPATEN BANDUNG,11,NOVEMBER,1733,RIT,2021
246,32,JAWA BARAT,3204,KABUPATEN BANDUNG,12,DESEMBER,2041,RIT,2021
247,32,JAWA BARAT,3217,KABUPATEN BANDUNG BARAT,1,JANUARI,1499,RIT,2021
248,32,JAWA BARAT,3217,KABUPATEN BANDUNG BARAT,2,FEBRUARI,1396,RIT,2021
249,32,JAWA BARAT,3217,KABUPATEN BANDUNG BARAT,3,MARET,1510,RIT,2021
250,32,JAWA BARAT,3217,KABUPATEN BANDUNG BARAT,4,APRIL,1466,RIT,2021
251,32,JAWA BARAT,3217,KABUPATEN BANDUNG BARAT,5,MEI,1434,RIT,2021
252,32,JAWA BARAT,3217,KABUPATEN BANDUNG BARAT,6,JUNI,1454,RIT,2021
253,32,JAWA BARAT,3217,KABUPATEN BANDUNG BARAT,7,JULI,1429,RIT,2021
254,32,JAWA BARAT,3217,KABUPATEN BANDUNG BARAT,8,AGUSTUS,1401,RIT,2021
255,32,JAWA BARAT,3217,KABUPATEN BANDUNG BARAT,9,SEPTEMBER,1374,RIT,2021
256,32,JAWA BARAT,3217,KABUPATEN BANDUNG BARAT,10,OKTOBER,1406,RIT,2021
257,32,JAWA BARAT,3217,KABUPATEN BANDUNG BARAT,11,NOVEMBER,1322,RIT,2021
258,32,JAWA BARAT,3217,KABUPATEN BANDUNG BARAT,12,DESEMBER,1404,RIT,2021
259,32,JAWA BARAT,3273,KOTA BANDUNG,1,JANUARI,8034,RIT,2021
260,32,JAWA BARAT,3273,KOTA BANDUNG,2,FEBRUARI,7238,RIT,2021
261,32,JAWA BARAT,3273,KOTA BANDUNG,3,MARET,7882,RIT,2021
262,32,JAWA BARAT,3273,KOTA BANDUNG,4,APRIL,7661,RIT,2021
263,32,JAWA BARAT,3273,KOTA BANDUNG,5,MEI,7457,RIT,2021
264,32,JAWA BARAT,3273,KOTA BANDUNG,6,JUNI,7472,RIT,2021
265,32,JAWA BARAT,3273,KOTA BANDUNG,7,JULI,7805,RIT,2021
266,32,JAWA BARAT,3273,KOTA BANDUNG,8,AGUSTUS,7820,RIT,2021
267,32,JAWA BARAT,3273,KOTA BANDUNG,9,SEPTEMBER,7644,RIT,2021
268,32,JAWA BARAT,3273,KOTA BANDUNG,10,OKTOBER,7731,RIT,2021
269,32,JAWA BARAT,3273,KOTA BANDUNG,11,NOVEMBER,6200,RIT,2021
270,32,JAWA BARAT,3273,KOTA BANDUNG,12,DESEMBER,6962,RIT,2021
271,32,JAWA BARAT,3277,KOTA CIMAHI,1,JANUARI,1808,RIT,2021
272,32,JAWA BARAT,3277,KOTA CIMAHI,2,FEBRUARI,1563,RIT,2021
273,32,JAWA BARAT,3277,KOTA CIMAHI,3,MARET,1796,RIT,2021
274,32,JAWA BARAT,3277,KOTA CIMAHI,4,APRIL,1726,RIT,2021
275,32,JAWA BARAT,3277,KOTA CIMAHI,5,MEI,1475,RIT,2021
276,32,JAWA BARAT,3277,KOTA CIMAHI,6,JUNI,1489,RIT,2021
277,32,JAWA BARAT,3277,KOTA CIMAHI,7,JULI,1594,RIT,2021
278,32,JAWA BARAT,3277,KOTA CIMAHI,8,AGUSTUS,1773,RIT,2021
279,32,JAWA BARAT,3277,KOTA CIMAHI,9,SEPTEMBER,1722,RIT,2021
280,32,JAWA BARAT,3277,KOTA CIMAHI,10,OKTOBER,1762,RIT,2021
281,32,JAWA BARAT,3277,KOTA CIMAHI,11,NOVEMBER,1292,RIT,2021
282,32,JAWA BARAT,3277,KOTA CIMAHI,12,DESEMBER,1590,RIT,2021
283,32,JAWA BARAT,3204,KABUPATEN BANDUNG,1,JANUARI,2028,RIT,2022
284,32,JAWA BARAT,3204,KABUPATEN BANDUNG,2,FEBRUARI,1861,RIT,2022
285,32,JAWA BARAT,3204,KABUPATEN BANDUNG,3,MARET,2062,RIT,2022
286,32,JAWA BARAT,3204,KABUPATEN BANDUNG,4,APRIL,1939,RIT,2022
287,32,JAWA BARAT,3204,KABUPATEN BANDUNG,5,MEI,1701,RIT,2022
288,32,JAWA BARAT,3204,KABUPATEN BANDUNG,6,JUNI,2065,RIT,2022
289,32,JAWA BARAT,3204,KABUPATEN BANDUNG,7,JULI,2090,RIT,2022
290,32,JAWA BARAT,3204,KABUPATEN BANDUNG,8,AGUSTUS,2025,RIT,2022
291,32,JAWA BARAT,3204,KABUPATEN BANDUNG,9,SEPTEMBER,1981,RIT,2022
292,32,JAWA BARAT,3204,KABUPATEN BANDUNG,10,OKTOBER,2228,RIT,2022
293,32,JAWA BARAT,3204,KABUPATEN BANDUNG,11,NOVEMBER,2430,RIT,2022
294,32,JAWA BARAT,3204,KABUPATEN BANDUNG,12,DESEMBER,2459,RIT,2022
295,32,JAWA BARAT,3217,KABUPATEN BANDUNG BARAT,1,JANUARI,1338,RIT,2022
296,32,JAWA BARAT,3217,KABUPATEN BANDUNG BARAT,2,FEBRUARI,1255,RIT,2022
297,32,JAWA BARAT,3217,KABUPATEN BANDUNG BARAT,3,MARET,1410,RIT,2022
298,32,JAWA BARAT,3217,KABUPATEN BANDUNG BARAT,4,APRIL,1406,RIT,2022
299,32,JAWA BARAT,3217,KABUPATEN BANDUNG BARAT,5,MEI,1298,RIT,2022
300,32,JAWA BARAT,3217,KABUPATEN BANDUNG BARAT,6,JUNI,1339,RIT,2022
301,32,JAWA BARAT,3217,KABUPATEN BANDUNG BARAT,7,JULI,1398,RIT,2022
302,32,JAWA BARAT,3217,KABUPATEN BANDUNG BARAT,8,AGUSTUS,1273,RIT,2022
303,32,JAWA BARAT,3217,KABUPATEN BANDUNG BARAT,9,SEPTEMBER,1232,RIT,2022
304,32,JAWA BARAT,3217,KABUPATEN BANDUNG BARAT,10,OKTOBER,1199,RIT,2022
305,32,JAWA BARAT,3217,KABUPATEN BANDUNG BARAT,11,NOVEMBER,1266,RIT,2022
306,32,JAWA BARAT,3217,KABUPATEN BANDUNG BARAT,12,DESEMBER,1242,RIT,2022
307,32,JAWA BARAT,3273,KOTA BANDUNG,1,JANUARI,7247,RIT,2022
308,32,JAWA BARAT,3273,KOTA BANDUNG,2,FEBRUARI,6664,RIT,2022
309,32,JAWA BARAT,3273,KOTA BANDUNG,3,MARET,7403,RIT,2022
310,32,JAWA BARAT,3273,KOTA BANDUNG,4,APRIL,7288,RIT,2022
311,32,JAWA BARAT,3273,KOTA BANDUNG,5,MEI,7054,RIT,2022
312,32,JAWA BARAT,3273,KOTA BANDUNG,6,JUNI,7367,RIT,2022
313,32,JAWA BARAT,3273,KOTA BANDUNG,7,JULI,7600,RIT,2022
314,32,JAWA BARAT,3273,KOTA BANDUNG,8,AGUSTUS,7769,RIT,2022
315,32,JAWA BARAT,3273,KOTA BANDUNG,9,SEPTEMBER,7422,RIT,2022
316,32,JAWA BARAT,3273,KOTA BANDUNG,10,OKTOBER,6580,RIT,2022
317,32,JAWA BARAT,3273,KOTA BANDUNG,11,NOVEMBER,7709,RIT,2022
318,32,JAWA BARAT,3273,KOTA BANDUNG,12,DESEMBER,7512,RIT,2022
319,32,JAWA BARAT,3277,KOTA CIMAHI,1,JANUARI,1390,RIT,2022
320,32,JAWA BARAT,3277,KOTA CIMAHI,2,FEBRUARI,1251,RIT,2022
321,32,JAWA BARAT,3277,KOTA CIMAHI,3,MARET,1388,RIT,2022
322,32,JAWA BARAT,3277,KOTA CIMAHI,4,APRIL,1374,RIT,2022
323,32,JAWA BARAT,3277,KOTA CIMAHI,5,MEI,1307,RIT,2022
324,32,JAWA BARAT,3277,KOTA CIMAHI,6,JUNI,1359,RIT,2022
325,32,JAWA BARAT,3277,KOTA CIMAHI,7,JULI,1412,RIT,2022
326,32,JAWA BARAT,3277,KOTA CIMAHI,8,AGUSTUS,1400,RIT,2022
327,32,JAWA BARAT,3277,KOTA CIMAHI,9,SEPTEMBER,1338,RIT,2022
328,32,JAWA BARAT,3277,KOTA CIMAHI,10,OKTOBER,1189,RIT,2022
329,32,JAWA BARAT,3277,KOTA CIMAHI,11,NOVEMBER,1398,RIT,2022
330,32,JAWA BARAT,3277,KOTA CIMAHI,12,DESEMBER,1383,RIT,2022
331,32,JAWA BARAT,3204,KABUPATEN BANDUNG,1,JANUARI,2193,RIT,2023
332,32,JAWA BARAT,3204,KABUPATEN BANDUNG,2,FEBRUARI,2158,RIT,2023
333,32,JAWA BARAT,3204,KABUPATEN BANDUNG,3,MARET,2397,RIT,2023
334,32,JAWA BARAT,3204,KABUPATEN BANDUNG,4,APRIL,1927,RIT,2023
335,32,JAWA BARAT,3204,KABUPATEN BANDUNG,5,MEI,2442,RIT,2023
336,32,JAWA BARAT,3204,KABUPATEN BANDUNG,6,JUNI,2431,RIT,2023
337,32,JAWA BARAT,3204,KABUPATEN BANDUNG,7,JULI,2460,RIT,2023
338,32,JAWA BARAT,3204,KABUPATEN BANDUNG,8,AGUSTUS,1693,RIT,2023
339,32,JAWA BARAT,3204,KABUPATEN BANDUNG,9,SEPTEMBER,2440,RIT,2023
340,32,JAWA BARAT,3204,KABUPATEN BANDUNG,10,OKTOBER,1596,RIT,2023
341,32,JAWA BARAT,3204,KABUPATEN BANDUNG,11,NOVEMBER,2053,RIT,2023
342,32,JAWA BARAT,3204,KABUPATEN BANDUNG,12,DESEMBER,2245,RIT,2023
343,32,JAWA BARAT,3217,KABUPATEN BANDUNG BARAT,1,JANUARI,1161,RIT,2023
344,32,JAWA BARAT,3217,KABUPATEN BANDUNG BARAT,2,FEBRUARI,1124,RIT,2023
345,32,JAWA BARAT,3217,KABUPATEN BANDUNG BARAT,3,MARET,1366,RIT,2023
346,32,JAWA BARAT,3217,KABUPATEN BANDUNG BARAT,4,APRIL,1059,RIT,2023
347,32,JAWA BARAT,3217,KABUPATEN BANDUNG BARAT,5,MEI,1346,RIT,2023
348,32,JAWA BARAT,3217,KABUPATEN BANDUNG BARAT,6,JUNI,1247,RIT,2023
349,32,JAWA BARAT,3217,KABUPATEN BANDUNG BARAT,7,JULI,1303,RIT,2023
350,32,JAWA BARAT,3217,KABUPATEN BANDUNG BARAT,8,AGUSTUS,889,RIT,2023
351,32,JAWA BARAT,3217,KABUPATEN BANDUNG BARAT,9,SEPTEMBER,1215,RIT,2023
352,32,JAWA BARAT,3217,KABUPATEN BANDUNG BARAT,10,OKTOBER,1192,RIT,2023
353,32,JAWA BARAT,3217,KABUPATEN BANDUNG BARAT,11,NOVEMBER,1087,RIT,2023
354,32,JAWA BARAT,3217,KABUPATEN BANDUNG BARAT,12,DESEMBER,1192,RIT,2023
355,32,JAWA BARAT,3273,KOTA BANDUNG,1,JANUARI,6356,RIT,2023
356,32,JAWA BARAT,3273,KOTA BANDUNG,2,FEBRUARI,6826,RIT,2023
357,32,JAWA BARAT,3273,KOTA BANDUNG,3,MARET,7174,RIT,2023
358,32,JAWA BARAT,3273,KOTA BANDUNG,4,APRIL,5887,RIT,2023
359,32,JAWA BARAT,3273,KOTA BANDUNG,5,MEI,6918,RIT,2023
360,32,JAWA BARAT,3273,KOTA BANDUNG,6,JUNI,7543,RIT,2023
361,32,JAWA BARAT,3273,KOTA BANDUNG,7,JULI,7956,RIT,2023
362,32,JAWA BARAT,3273,KOTA BANDUNG,8,AGUSTUS,5386,RIT,2023
363,32,JAWA BARAT,3273,KOTA BANDUNG,9,SEPTEMBER,4921,RIT,2023
364,32,JAWA BARAT,3273,KOTA BANDUNG,10,OKTOBER,4608,RIT,2023
365,32,JAWA BARAT,3273,KOTA BANDUNG,11,NOVEMBER,5659,RIT,2023
366,32,JAWA BARAT,3273,KOTA BANDUNG,12,DESEMBER,5865,RIT,2023
367,32,JAWA BARAT,3277,KOTA CIMAHI,1,JANUARI,1275,RIT,2023
368,32,JAWA BARAT,3277,KOTA CIMAHI,2,FEBRUARI,1297,RIT,2023
369,32,JAWA BARAT,3277,KOTA CIMAHI,3,MARET,1333,RIT,2023
370,32,JAWA BARAT,3277,KOTA CIMAHI,4,APRIL,1149,RIT,2023
371,32,JAWA BARAT,3277,KOTA CIMAHI,5,MEI,1395,RIT,2023
372,32,JAWA BARAT,3277,KOTA CIMAHI,6,JUNI,1382,RIT,2023
373,32,JAWA BARAT,3277,KOTA CIMAHI,7,JULI,1471,RIT,2023
374,32,JAWA BARAT,3277,KOTA CIMAHI,8,AGUSTUS,987,RIT,2023
375,32,JAWA BARAT,3277,KOTA CIMAHI,9,SEPTEMBER,809,RIT,2023
376,32,JAWA BARAT,3277,KOTA CIMAHI,10,OKTOBER,1041,RIT,2023
377,32,JAWA BARAT,3277,KOTA CIMAHI,11,NOVEMBER,925,RIT,2023
378,32,JAWA BARAT,3277,KOTA CIMAHI,12,DESEMBER,1121,RIT,2023
